{"cameraMode":{"drawMode":0,"name":"Shaded","section":"Shading Mode"},"sceneLighting":true,"audioPlay":false,"sceneViewState":{"m_AlwaysRefresh":false,"showFog":true,"showSkybox":true,"showFlares":true,"showImageEffects":true,"showParticleSystems":true,"showVisualEffectGraphs":true,"m_FxEnabled":true},"in2DMode":false,"pivot":{"x":5.514780521392822,"y":8.788969039916993,"z":39.915584564208987},"rotation":{"x":-0.09513813257217407,"y":-0.40583640336990359,"z":0.042550135403871539,"w":-0.907985270023346},"size":14.778735160827637,"orthographic":false}