{"cameraMode":{"drawMode":0,"name":"Shaded","section":"Shading Mode"},"sceneLighting":false,"audioPlay":false,"sceneViewState":{"m_AlwaysRefresh":false,"showFog":true,"showSkybox":false,"showFlares":true,"showImageEffects":true,"showParticleSystems":true,"showVisualEffectGraphs":true,"m_FxEnabled":true},"in2DMode":false,"pivot":{"x":-0.000013366341590881348,"y":0.0028780102729797365,"z":-0.23856087028980256},"rotation":{"x":-0.06806392222642899,"y":0.9107922911643982,"z":-0.37152573466300967,"w":-0.1668664962053299},"size":1.874197006225586,"orthographic":false}